Id,Title,CCLI,Themes,Notes,Last Scheduled Date,Genre,Mood,Purpose,Themes,Arrangement 1 Name,Arrangement 1 BPM,Arrangement 1 Length,Arrangement 1 Notes,Arrangement 1 Keys,Arrangement 2 Name,Arrangement 2 BPM,Arrangement 2 Length,Arrangement 2 Notes,Arrangement 2 Keys
12873683,A001 - A New Hallelujah,,"","",,Contemporary,Declarative,"","Church & Unity, Missions, Evangelism, The Nations",Default Arrangement,,0,"",A,,,,
12590472,A002 - Above All,,"","",,Contemporary,Reflection & Prayer,Communion,"Jesus' Life, Death, & Resurrection",Default Arrangement,,0,"",G,,,,
12590365,A003 - Above All Else,3447521,"","","May 06, 2017",Contemporary,Reflection & Prayer,"",God's Presence & Intimacy,A003 - Above All Else,148.5,0,"","D, E",,,,
12590729,A004 - Adonai,4591823,"","","June 03, 2017",Contemporary,Celebratory,Call to Worship,Thankfulness & Adoration,Default Arrangement,150,0,"","B, A, Bb",,,,
12590880,A005 - Agnus Dei,626713,"","","February 09, 2017",Contemporary,Adoration,"",Thankfulness & Adoration,Default Arrangement,136,0,"","A, F, E, G",,,,
12590920,A006 - Alabaster Jar,4887630,"","","August 26, 2017",Contemporary,Desperation & Dependence,"","Commitment & Dedication, Surrender",Default Arrangement,144,0,"",G,,,,
12590998,A007 - Alas And Did My Savior Bleed,2164908,"","","August 28, 2017",Traditional,Reflection & Prayer,Communion,"Jesus' Life, Death, & Resurrection, Thankfulness & Adoration",Default Arrangement,,0,"","G, F",,,,
12591099,A008 - Alive,6605212,"","","September 01, 2017",Contemporary,Celebratory,"","Freedom, Our Testimony & Redemption",A008 - Alive,133,0,"","C, D",,,,
12591213,A009 - All About You,3740826,"","",,Contemporary,Celebratory,"","Church & Unity, Commitment & Dedication",Default Arrangement,120,0,"",A,,,,
12591520,A010 - All Because Of Jesus,4882903,"","","June 08, 2017",Contemporary,Celebratory,Call to Worship,"Jesus' Life, Death, & Resurrection",A010 - All Because Of Jesus,140,0,"","B, G",,,,
12591609,A011  - All Hail The Power Of Jesus Name,25400,"","",,Traditional,Declarative,Offering,"God's Greatness, Power, Glory",Default Arrangement,,0,"",F,,,,
12591622,A012 - All I Really Want,3685716,"","",,Contemporary,Adoration,"",God's Love & as Father,Default Arrangement,,0,"",E,,,,
12591660,A013 - All My Fountains,5925670,"","","January 15, 2017",Contemporary,Celebratory,"",God's Faithfulness,A013 - All My Fountains,116,0,"",E,,,,
12591702,A014 - All Of My Days,3258208,"","","April 07, 2017",Contemporary,Celebratory,"",Commitment & Dedication,Default Arrangement,164,0,"",E,,,,
12591714,A015 - All Over The World,4490948,"","",,Contemporary,Celebratory,"","Church & Unity, God's Greatness, Power, Glory",Default Arrangement,,0,"",E,,,,
12591800,A016 - All The Earth,3287499,"","",,Contemporary,Declarative,"","Commitment & Dedication, God's Greatness, Power, Glory",Default Arrangement,,0,"",B,,,,
12591816,A017 - All The Heavens,3490585,"","",,Contemporary,Adoration,"","God's Greatness, Power, Glory",Default Arrangement,,0,"",C,,,,
12591900,A018 - All Who Are Thirsty,2489542,"","","August 25, 2017",Contemporary,Desperation & Dependence,"",God's Presence & Intimacy,A018 - All Who Are Thirsty,152,0,"",E,,,,
12591914,A019 - Always,4128959,"","",,Contemporary,Desperation & Dependence,"",God's Presence & Intimacy,Default Arrangement,,0,"",D,,,,
12591940,A020 - Always Enough,5631139,"","",,Contemporary,Desperation & Dependence,"",God's Love & as Father,Default Arrangement,,0,"",G,,,,
12592068,A021 - Always Will,6513328,"","",,Contemporary,Celebratory,"",God's Faithfulness,Default Arrangement,,0,"",B,,,,
12591986,A022 - Amazed,4221021,"","","March 16, 2017",Contemporary,Adoration,"",Thankfulness & Adoration,Lincoln Brewster,147,0,"","E, D",,,,
12596649,A023 - Amazing Grace (My Chains Are Gone),4768151,"","","July 30, 2017",Contemporary,Adoration,Communion,"Our Testimony & Redemption, Thankfulness & Adoration",Default Arrangement,126,0,"","D, E",,,,
12596803,A024 - Amazing Grace,22025,"","","August 20, 2017",Traditional,Adoration,Offering,"Our Testimony & Redemption, Thankfulness & Adoration",A024 - Amazing Grace,145,0,"",E,,,,
12596854,A025 - Anchor,6514121,"","","September 03, 2017",Contemporary,Desperation & Dependence,"","God's Faithfulness, Hope",Default Arrangement,146,0,"","E, D",,,,
12596914,A026 - As The Deer,1431,"","",,Traditional,Adoration,Offering,God's Presence & Intimacy,Default Arrangement,,0,"",C,,,,
12600213,A027 - As We Seek Your Face,442375,"","",,Contemporary,Desperation & Dependence,"",God's Presence & Intimacy,Default Arrangement,,0,"",G,,,,
12600236,A028 - At The Cross,4591816,"","","July 13, 2017",Contemporary,Desperation & Dependence,Communion,"Jesus' Life, Death, & Resurrection",Default Arrangement,,0,"",E,,,,
12600274,A029 - At The Cross (Love Ran Red),7017786,"","","September 03, 2017",Contemporary,Declarative,Communion,"Jesus' Life, Death, & Resurrection, Surrender",A029 - At The Cross (Love Ran Red),146,0,"",F,,,,
12600311,A030 - Awesome In This Place,847554,"","",,Contemporary,Reflection & Prayer,"","God's Greatness, Power, Glory",Default Arrangement,,0,"",D,,,,
12600337,A031 - Awesome Is The Lord Most High,4674159,"","","June 11, 2017",Contemporary,Celebratory,Call to Worship,"God's Greatness, Power, Glory",A031 - Awesome Is The Lord Most High,134,0,"","G, C: Miesha",,,,
12677737,A032 - Alive in You,7054536,"","","June 08, 2017",Contemporary,Declarative,"",Commitment & Dedication,A032 - Alive in You,154,0,"","G: Michelle's Key, A, F, E",,,,
14038726,Arms Open Wide,5371334,"","",,"","","","",Default Arrangement,85,0,"",D,,,,
12603057,B001 - Be Thou My Vision,30639,"","","August 27, 2017",Traditional,Reflection & Prayer,Offering,Commitment & Dedication,B001 - Be Thou My Vision,170,0,"",D,,,,
12603089,B002 - Beautiful Exchange,5637470,"","","January 22, 2017",Contemporary,Reflection & Prayer,"","Jesus' Life, Death, & Resurrection, Our Testimony & Redemption",B002 - Beautiful Exchange,139,0,"","D, C, B: Miesha: Chorus & Bridge",,,,
12603113,B003 - Beauty For Ashes,7040551,"","","October 12, 2016",Contemporary,Adoration,"","Our Testimony & Redemption, Thankfulness & Adoration",Default Arrangement,,0,"","D, A, G",,,,
12603108,B004 - Because He Lives,16880,"","","January 05, 2017",Traditional,Adoration,"","Jesus' Life, Death, & Resurrection, Thankfulness & Adoration",Default Arrangement,,0,"",G,,,,
12603189,B005 - Before The Throne Of God Above,2306412,"","","August 26, 2017",Contemporary,Reflection & Prayer,"","Jesus' Life, Death, & Resurrection",B005 - Before The Throne Of God Above,139,0,"","C, G, F: Miesha, B",,,,
12603352,B006 - Beneath The Waters (I Will Rise),6179573,"","","August 27, 2017",Contemporary,Declarative,"","God's Greatness, Power, Glory, Jesus' Life, Death, & Resurrection",B006 - Beneath The Waters (I Will Rise),157,0,"","B: Chris, A: Michelle",,,,
12603816,B007 - Better Is One Day,1097451,"","","July 13, 2017",Contemporary,Desperation & Dependence,"",God's Presence & Intimacy,B007 - Better Is One Day,146,0,"",E,,,,
12603864,B008 - Better Than Life,3979862,"","",,Contemporary,Celebratory,"",God's Love & as Father,Default Arrangement,,0,"",G,h,,0,"",""
12603879,B009 - Bless His Holy Name,17566,"","","October 16, 2016",Gospel,Adoration,"",Thankfulness & Adoration,Default Arrangement,,0,"",E,,,,
12621868,B010 - Blessed,3490547,"","",,Contemporary,Desperation & Dependence,"",God's Presence & Intimacy,Default Arrangement,,0,"",D,,,,
12624845,B011 - Blessed Assurance,3270406,"","","June 04, 2017",Traditional,Adoration,Offering,Our Testimony & Redemption,B011 - Blessed Assurance,153.8,0,"",C,,,,
12624861,B012 - Blessed Be Your Name,3798438,"","","May 21, 2017",Contemporary,Celebratory,Call to Worship,"Commitment & Dedication, God's Faithfulness",Default Arrangement,118,0,"",A,,,,
12624891,B013 - Break Every Chain,5910977,"","","March 24, 2017",Contemporary,Declarative,"","Freedom, God's Greatness, Power, Glory",Default Arrangement,,0,"",A,,,,
12625524,B014 - Break Our Hearts,2299299,"","",,Contemporary,Desperation & Dependence,"",Repentance,Default Arrangement,,0,"",D,,,,
12625530,B015 - Breathe,1874117,"","","May 14, 2017",Contemporary,Desperation & Dependence,"",God's Presence & Intimacy,B015 - Breathe,66.5,0,"",G,,,,
12625535,B016 - Broken Vessels (Amazing Grace),7019974,"","","June 03, 2017",Contemporary,Reflection & Prayer,"","God's Love & as Father, Our Testimony & Redemption",B016 - Broken Vessels (Amazing Grace),141,0,"","G, F, E",,,,
12625543,B017 - Build Your Kingdom Here,6186078,"","",,Contemporary,Celebratory,"","Church & Unity, God's Kingdom & Reign",Default Arrangement,,0,"",C,,,,
12625552,B018 - Bread of Life,,"","",,Contemporary,Desperation & Dependence,"","Holy Spirit, Repentance",Default Arrangement,,0,"",A,,,,
13836105,B019 - Build My Life,7070345,"","","September 02, 2017",Contemporary,Declarative,"","Commitment & Dedication, God's Greatness, Power, Glory",B019 - Build My Life,140,0,"","E, F, G, D: Michelle, C#",,,,
13983911,Behold,7068430,"","",,"","","","",Default Arrangement,73,0,"",B,,,,
12625557,C001 - Came To My Rescue,4705190,"","","July 27, 2017",Contemporary,Declarative,"",Commitment & Dedication,C001 - Came To My Rescue,82,0,"","A, B",,,,
12625571,C002 - Can A Nation Be Changed,1589763,"","",,Contemporary,Desperation & Dependence,"",Repentance,Default Arrangement,,0,"",A,,,,
12626536,C003 - Captivate Us,4348021,"","",,Contemporary,Adoration,"",God's Presence & Intimacy,Default Arrangement,,0,"",G,,,,
12626623,C004 - Change My Heart Oh God,1565,"","",,Contemporary,Reflection & Prayer,"",Repentance,Default Arrangement,,0,"",C,,,,
12626668,C005 - Chosen Generation,5677454,"","","June 03, 2017",Contemporary,Celebratory,"","Church & Unity, Commitment & Dedication",Default Arrangement,138,0,"",A,,,,
12629816,C006 - Christ Is Enough,6514035,"","","July 02, 2017",Contemporary,Declarative,"",Commitment & Dedication,C006 - Christ Is Enough,80.4,0,"","A, G, E: Michelle's Key",,,,
12603246,C007 - Closer (Hillsong),6514066,"",There is no life besides You,"December 08, 2016",Contemporary,Celebratory,"",God's Presence & Intimacy,Default Arrangement,120,0,"",A,,,,
12629925,C008 - Closer (Pull Me A Little Closer),6227047,"","","November 04, 2016",Contemporary,Desperation & Dependence,"","God's Love & as Father, God's Presence & Intimacy",C008 - Closer (Pull Me A Little Closer),70,0,"","G, D",,,,
12629945,C009 - Come And Fill Me Up,630307,"","",,Contemporary,"","","God's Presence & Intimacy, Holy Spirit",Default Arrangement,,0,"",A,,,,
12629953,C010 - Come As You Are,7017790,"","",,Contemporary,Reflection & Prayer,"","God's Love & as Father, Repentance",Default Arrangement,,0,"","A, B, E",,,,
12630027,C011 - Come Home Running,4274621,"","",,Contemporary,Desperation & Dependence,"","God's Love & as Father, Repentance",Default Arrangement,,0,"","C, G",,,,
12630096,C012 - Come Now Is The Time To Worship,2430948,"","","August 10, 2017",Contemporary,"",Call to Worship,Commitment & Dedication,C012 - Come Now Is The Time To Worship,112,0,"",G,,,,
12630119,C013 - Come Thou Fount,108389,"","","July 16, 2017",Traditional,"",Offering,"God's Faithfulness, Thankfulness & Adoration",C013 - Come Thou Fount,143,0,"",C,,,,
12630141,C014 - Come To The Water,6364481,"","",,Contemporary,Declarative,"",God's Kingdom & Reign,Default Arrangement,,0,"","A, E: Michelle",,,,
12630203,C015 - Come Ye Sinners,4582588,"","","January 19, 2017",Contemporary,Desperation & Dependence,"","Commitment & Dedication, Repentance",C015 - Come Ye Sinners,150,0,"",A,,,,
12630249,C016 - Consuming Fire,3818569,"","","May 31, 2017",Contemporary,Desperation & Dependence,"","God's Presence & Intimacy, Holy Spirit",Default Arrangement,,0,"",G,,,,
12635372,C018 - Create In Me A Clean Heart,27666,"","","February 09, 2017",Contemporary,Reflection & Prayer,"","Holiness & Purity, Repentance",C018 - Create In Me A Clean Heart,80,0,"",G,,,,
12634993,"D001 - Deep, Deep",,"","",,Children,"","","",Default Arrangement,,0,"",G,,,,
12635012,D002 - Did You Feel The Mountains Tremble,1097028,"","","May 14, 2017",Contemporary,Celebratory,"",Church & Unity,D002 - Did You Feel The Mountains Tremble,121,0,"",C,,,,
12637750,D003 - Do What You Want To,7035185,"","","November 04, 2016",Contemporary,Celebratory,"","Commitment & Dedication, Surrender",D003 - Do What You Want To,115,0,"",D,,,,
12540630,D004 - Doxology,4255578,"","","May 21, 2017",Traditional,Adoration,"","",D004 - Doxology,146,0,"",G,,,,
12603114,D005 - Draw Me Close,1459484,"","","December 08, 2016",Contemporary,Desperation & Dependence,"",God's Presence & Intimacy,Default Arrangement,135,0,"","Bb, A",,,,
13827126,D006 - Do It Again,7067555,"","","August 20, 2017",Contemporary,Desperation & Dependence,"","God's Faithfulness, Trust",D006 - Do It Again,172,0,"","G: Chris, Bb",,,,
13984139,Dancing Generation,4329428,"","",,"","","","",Default Arrangement,,0,"",D,,,,
12603174,E001 - Eagle's Wings,2478168,"","",,Contemporary,Desperation & Dependence,"",God's Presence & Intimacy,Default Arrangement,,0,"","G, E, F",,,,
12603218,E002 - Endless Light,6177300,"","","June 04, 2017",Contemporary,Celebratory,Call to Worship,"Commitment & Dedication, Thankfulness & Adoration",E002 - Endless Light,121.5,0,"",B,,,,
12603260,E003 - Enough,,"","",,Contemporary,Desperation & Dependence,"",Thankfulness & Adoration,Default Arrangement,,0,"",G,,,,
12600315,E004 - Ever Be,7030065,"","","February 02, 2017",Contemporary,Declarative,"","God's Faithfulness, Thankfulness & Adoration",E004 - Ever Be,134,0,"","D, G, F",,,,
12603306,E005 - Evermore,4222116,"","",,Contemporary,Celebratory,Call to Worship,"Commitment & Dedication, Thankfulness & Adoration",Default Arrangement,,0,"",G,,,,
12603330,E006 - Every Move I Make,1595726,"","",,Children,"","","",Default Arrangement,,0,"","D, G",,,,
12603881,E007 - Everything,4274676,"","",,Contemporary,Adoration,"","God's Faithfulness, Thankfulness & Adoration",Default Arrangement,,0,"",C,,,,
12603883,E008 - Everything And Nothing Less,7040553,"","","June 08, 2017",Contemporary,Desperation & Dependence,"",Surrender,Default Arrangement,142,0,"","G, E: Michelle's Key",,,,
12471373,E009 - Every Praise,6623483,"","","November 13, 2016",Gospel,Celebratory,Call to Worship,Thankfulness & Adoration,E009 - Every Praise,117.5,0,"","G-A, C-D: Miesha's Key, F-A",,,,
12604727,F001 - Faithful Father,1981340,"","",,Contemporary,Adoration,"","God's Faithfulness, God's Love & as Father",Default Arrangement,,0,"",G,,,,
12604735,F002 - Faithful One,465840,"","",,Contemporary,Desperation & Dependence,"",God's Faithfulness,Default Arrangement,,0,"",D,,,,
12615323,F003 - Fall,3367591,"","",,Contemporary,Desperation & Dependence,"",Holy Spirit,Default Arrangement,,0,"","E, G",,,,
12615368,F004 - Fall In This Place,4807830,"","",,Contemporary,Desperation & Dependence,"",Holy Spirit,Default Arrangement,,0,"","A, G, F",,,,
12615397,F005 - Father Of Lights,858299,"","",,Contemporary,Celebratory,"",Thankfulness & Adoration,Default Arrangement,,0,"",A,,,,
12615519,F006 - Fill Me Up,5910898,"","","August 28, 2017",Contemporary,Desperation & Dependence,"",God's Presence & Intimacy,Default Arrangement,140,0,"","A, G, E, F: Michelle's Key",,,,
12615537,F007 - Filled With Your Glory,4301563,"","","February 02, 2017",Contemporary,Celebratory,Call to Worship,Thankfulness & Adoration,Default Arrangement,123,0,"",G,,,,
12635479,F008 - Fire Fall Down,4705200,"","","July 16, 2017",Contemporary,Desperation & Dependence,"","God's Presence & Intimacy, Jesus' Life, Death, & Resurrection",Default Arrangement,,0,"",E,,,,
12638660,F009 - Follow You,5484544,"","",,Contemporary,Desperation & Dependence,"","Commitment & Dedication, Missions, Evangelism, The Nations",Default Arrangement,,0,"",A,,,,
12638680,F010 - For The Sake Of The World,6227030,"","","March 24, 2017",Contemporary,Declarative,"","Commitment & Dedication, Missions, Evangelism, The Nations",F010 - For The Sake Of The World,77,0,"",G,,,,
12637796,F011 - For Who You Are,4591799,"","","July 22, 2017",Contemporary,Declarative,Call to Worship,Thankfulness & Adoration,F011 - For Who You Are,115.2,0,"","B, E, G, D",,,,
12637874,F012 - Forever (Give Thanks),3148428,"","","February 26, 2017",Contemporary,Celebratory,Call to Worship,"God's Faithfulness, Thankfulness & Adoration",F012 - Forever (Give Thanks),118,0,"","G, A",,,,
12637896,F013 - Forever (We Sing Hallelujah),7001228,"","","September 03, 2017",Contemporary,Declarative,"","Jesus' Life, Death, & Resurrection",F013 - Forever (We Sing Hallelujah),143,0,"","G, F, D: Miesha",,,,
12637952,F014 - Forever Reign,5639997,"","","May 18, 2017",Contemporary,Declarative,"","Commitment & Dedication, God's Greatness, Power, Glory",F014 - Forever Reign,83,0,"",B,,,,
12638599,F015 - Found In You,7005969,"","","September 08, 2017",Contemporary,Celebratory,Call to Worship,God's Presence & Intimacy,F015 - Found In You,125.3,0,"","A, B, G: Michelle's Key, C",,,,
12638709,F016 - Free,4413437,"","",,Contemporary,Declarative,"",Freedom,Default Arrangement,,0,"",G,,,,
12638729,F017 - Freedom Reigns,2609353,"","","February 23, 2017",Contemporary,Desperation & Dependence,"","Freedom, Holy Spirit",Default Arrangement,,0,"",A,,,,
12638011,F018 - Friend Of God,3991651,"","","October 09, 2016",Gospel,Celebratory,"",Thankfulness & Adoration,Default Arrangement,116,0,"","E, C, B",,,,
12637986,F019 - From The Inside Out,4705176,"","","September 02, 2017",Contemporary,Declarative,"","Commitment & Dedication, Surrender",Default Arrangement,137,0,"","A, C, Bb",,,,
14299151,F020 - Flame Of Fire Rushing Wind,7065986,"","","September 08, 2017",Contemporary,Desperation & Dependence,Call to Worship,"God's Greatness, Power, Glory, Thankfulness & Adoration",Default Arrangement,,0,"","Gb, E, A",Flame of Fire/Spirit Break Out,,0,"","E, A, F"
12878925,Fullness,7067557,"","","June 25, 2017","","","","",Default Arrangement,,0,"",C,,,,
12608406,G001 - Give Me Faith,5680939,"","","July 16, 2017",Contemporary,Declarative,"",Trust,G001 - Give Me Faith,143,0,"","A, G",,,,
12638742,G002 - Give Thanks,20285,"","","August 13, 2017",Contemporary,Adoration,"",Thankfulness & Adoration,G002 - Give Thanks,170,0,"",E,,,,
12638582,G003 - Give Us Clean Hands,2060208,"","",,Contemporary,Desperation & Dependence,"",Repentance,Default Arrangement,,0,"",G,,,,
12638097,G004 - Glorious Ruins,6514059,"","","August 26, 2017",Contemporary,Declarative,"",Commitment & Dedication,Default Arrangement,,0,"","E, F",,,,
12638754,G005 - Glory,3744592,"","","July 13, 2017",Contemporary,Celebratory,Call to Worship,"God's Greatness, Power, Glory",G005 - Glory,110,0,"","E, D, C",,,,
12638077,G006 - Go,5806706,"","","August 20, 2017",Contemporary,Celebratory,"","Freedom, Surrender",G006 - Go,150,0,"",A,,,,
12638039,G007 - God Be Praised/Our God Reigns,5521847,"","","September 02, 2017",Contemporary,Declarative,Call to Worship,"God's Kingdom & Reign, Thankfulness & Adoration",G007 - God Be Praised/Our God Reigns,144,0,"","A, G, F: Miesha's Key",,,,
12635267,G008 - God I Look To You,5858163,"","","August 28, 2017",Contemporary,Desperation & Dependence,"","Commitment & Dedication, Thankfulness & Adoration",G008 - God I Look To You,136,0,"","A, F, E",,,,
12635328,G009 - God Is Able,5894275,"","","July 27, 2017",Contemporary,Declarative,"","God's Greatness, Power, Glory",G009 - God Is Able,158,0,"","A, E, G",,,,
12592427,G010 - God Is Great,3375851,"","",,Contemporary,Celebratory,Call to Worship,"God's Greatness, Power, Glory",Default Arrangement,,0,"",B,,,,
12603068,G011 - God Of Ages,4869933,"","",,Contemporary,Declarative,"","God's Faithfulness, Trust",Default Arrangement,,0,"",G,,,,
12592821,G012 - God Of My Days,5074356,"","",,Contemporary,Desperation & Dependence,"","God's Faithfulness, Trust",Default Arrangement,,0,"",G,,,,
12603116,G013 - God Of Wonders,3118757,"","","March 26, 2017",Contemporary,Adoration,"","God's Greatness, Power, Glory",Default Arrangement,161,0,"","G, A",,,,
12603134,G014 - God's Romance,3187520,"","",,Contemporary,Celebratory,"","God's Kingdom & Reign, God's Love & as Father",Default Arrangement,,0,"",A,,,,
12593023,G015 - Good Good Father,7036612,"","","June 29, 2017",Contemporary,Adoration,"","God's Faithfulness, God's Love & as Father",G015 - Good Good Father,142,0,"","G, E",,,,
12603147,G016 - Grace Flows Down,1223050,"","",,Contemporary,Reflection & Prayer,Communion,"Jesus' Life, Death, & Resurrection",Default Arrangement,,0,"",E,,,,
12603207,G017 - Grace So Glorious,7011444,"","","April 14, 2017",Contemporary,Declarative,"","Jesus' Life, Death, & Resurrection",Default Arrangement,,0,"","C, F: Michelle's Key",,,,
12600271,G018 - Great Are You Lord,6460220,"","","August 28, 2017",Contemporary,Desperation & Dependence,"","God's Greatness, Power, Glory",G018 - Great Are You Lord,140.5,0,"","G, A",,,,
12603252,G019 - Great Great God,6028253,"","","July 30, 2017",Contemporary,Declarative,"","God's Greatness, Power, Glory, God's Kingdom & Reign",G019 - Great Great God,142.7,0,"",A,,,,
12603271,G020 - Great I Am,5881491,"","",,Contemporary,Declarative,"","God's Greatness, Power, Glory, God's Kingdom & Reign",Default Arrangement,,0,"",D,,,,
12603317,G021 - Great Is The Lord,10769,"","","June 29, 2017",Contemporary,Adoration,"","",G021 - Great Is The Lord,74.1,0,"",A,,,,
12603338,G022 - Great Is Thy Faithfulness,18723,"","","April 30, 2017",Traditional,"",Offering,"God's Greatness, Power, Glory, Trust",G022 - Great Is Thy Faithfulness,151,0,"","D, C",,,,
12603361,G023 - Greater,7030449,"","","July 27, 2017",Contemporary,Declarative,"","God's Greatness, Power, Glory",G023 - Greater,148,0,"",G,,,,
12677803,G024 - Glorious,6231507,"","","March 12, 2017",Gospel,Celebratory,"","God's Greatness, Power, Glory",With Tag,147,0,"","F, G",Without Tag,146,0,"","F, G"
13275467,G025 - God Is Here,6454669,"","","February 19, 2017",Contemporary,Celebratory,Call to Worship,God's Presence & Intimacy,Default Arrangement,121,0,"",D: Michelle,,,,
13717505,G026 - Grace To Grace,7057218,"","","August 13, 2017",Contemporary,Declarative,"","Jesus' Life, Death, & Resurrection, Our Testimony & Redemption",G026 - Grace To Grace,121,0,Psalm 107:10-14; 2 Corinthians 3:17,"F: F, E: Michelle's Key",,,,
12603391,H001 - Hallelujah (Your love is amazing),3091812,"","",,Contemporary,Celebratory,"",God's Love & as Father,Default Arrangement,,0,"",G,,,,
12603405,H002 - Happy Day,4847027,"","","August 06, 2017",Contemporary,Celebratory,"","Jesus' Life, Death, & Resurrection",H002 - Happy Day,139,0,"","C, G: Michelle's Key",,,,
12603424,H003 - He Is Exalted,17827,"","","October 23, 2016",Contemporary,Declarative,"","God's Greatness, Power, Glory",Default Arrangement,,0,"",E,,,,
12603438,H004 - He Knows My Name,2151368,"","",,Contemporary,Reflection & Prayer,"","God's Love & as Father, God's Presence & Intimacy",Default Arrangement,,0,"",E,,,,
12788217,H005 - Hallelujah (Our God Reigns),4710484,"","","May 28, 2017",Contemporary,Declarative,"",God's Kingdom & Reign,Default Arrangement,153,0,"","G, A, F",,,,
12603473,H006 - Healer,4873981,"","","August 27, 2017",Contemporary,Desperation & Dependence,"","Freedom, Hope",H006 - Healer,154,0,"","A, G, E, D",,,,
12614450,H007 - Healing,,"","",,Contemporary,Desperation & Dependence,"","Holiness & Purity, Repentance",Default Arrangement,,0,"",A,,,,
12614522,H008 - Hear Our Praises,2543402,"","",,Contemporary,Declarative,Call to Worship,Thankfulness & Adoration,Default Arrangement,,0,"",C,,,,
12614878,H009 - The Heart Of Worship,2296522,"","","June 02, 2017",Contemporary,Reflection & Prayer,"","Commitment & Dedication, Holiness & Purity",Default Arrangement,,0,"","D, C, E",,,,
12614985,H010 - Heaven And Earth,7019977,"","",,Contemporary,Declarative,"","Freedom, Jesus' Life, Death, & Resurrection",Default Arrangement,,0,"","E, D",,,,
12615179,H011 - Here For You,5925649,"","","August 13, 2017",Contemporary,Declarative,Call to Worship,God's Presence & Intimacy,H011 - Here For You,170,0,"",B,,,,
12615296,H012 - Here I Am To Worship,3266032,"","","August 28, 2017",Contemporary,Adoration,Call to Worship,"Commitment & Dedication, Thankfulness & Adoration",H012 - Here I Am To Worship,144,0,"","E, F, D",I love the King (tag),132,0,"","E, F"
12616142,H013 - Here In My Life,4869885,"","",,Contemporary,Desperation & Dependence,"",Our Testimony & Redemption,Default Arrangement,,0,"",B,,,,
12616182,H014 - Here In Your Presence,4882707,"","","May 31, 2017",Contemporary,Reflection & Prayer,"",God's Presence & Intimacy,Default Arrangement,,0,"","C, G",,,,
12616211,H015 - Here Is Our King,4490962,"","","December 18, 2016",Contemporary,Celebratory,Call to Worship,"God's Greatness, Power, Glory, God's Kingdom & Reign",H015 - Here Is Our King,125,0,"",G,,,,
12621670,H016 - Here's My Heart,6517898,"","",,Contemporary,Desperation & Dependence,"","Commitment & Dedication, Surrender",H016 - Here's My Heart,81,0,"",A,,,,
12621728,H017 - His Banner Over Me,768097,"","","March 09, 2017",Contemporary,Celebratory,"","Church & Unity, God's Love & as Father",Default Arrangement,110,0,"",G,,,,
12621746,H018 - Holy And Anointed One,164361,"","","July 20, 2017",Contemporary,Adoration,"","God's Presence & Intimacy, Thankfulness & Adoration",Default Arrangement,,0,"","G, D",,,,
12621776,H019 - Holy Fire,2489580,"","","June 01, 2017",Contemporary,Reflection & Prayer,"","God's Faithfulness, God's Presence & Intimacy",Default Arrangement,,0,"","D, A",,,,
12621806,H020 - Holy Holy Holy Lord God Almighty,1156,"","","August 06, 2017",Traditional,"",Offering,"God's Greatness, Power, Glory",Default Arrangement,110,0,"","C, A",H020 - Holy Holy Holy Lord God Almighty,152,0,"",A
12603487,H021 - Holy Is The Lord,4158039,"","",,"","","","",Default Arrangement,,0,"",G,,,,
12608372,H022 - Holy Spirit,6087919,"","","September 01, 2017",Contemporary,Desperation & Dependence,"","God's Presence & Intimacy, Holy Spirit",H022 - Holy Spirit,139,0,"","G, E, F: Michelle's Key, A",,,,
12599400,H023 - Hope of the World,6177386,"","",,Contemporary,Desperation & Dependence,"","Hope, Jesus' Life, Death, & Resurrection",Default Arrangement,,0,"",A,,,,
12599591,H024 - Hosanna (Hillsong),4785835,"","","April 09, 2017",Contemporary,Declarative,"","God's Kingdom & Reign, Missions, Evangelism, The Nations",H024 - Hosanna (Hillsong),74.5,0,"","E, F",,,,
12622722,H025 - Hungry,2650364,"","",,Contemporary,Desperation & Dependence,"","God's Presence & Intimacy, Surrender",Default Arrangement,,0,"",E,,,,
12603633,H026 - Hosanna (Be Lifted Higher),5780152,"","","September 03, 2017",Contemporary,Declarative,"",God's Kingdom & Reign,Default Arrangement,,0,"",G,,,,
12603640,H027 - House of the Lord,,"","",,Contemporary,Reflection & Prayer,"","God's Love & as Father, God's Presence & Intimacy",Default Arrangement,,0,"",E,,,,
12603674,H028 - How Can I Keep From Singing,4822372,"","","January 29, 2017",Contemporary,Adoration,"","God's Faithfulness, Thankfulness & Adoration",Default Arrangement,199,0,"",A,,,,
12603676,H029 - How Deep The Father's Love For Us,1558110,"","","April 14, 2017",Contemporary,Reflection & Prayer,"","God's Love & as Father, Jesus' Life, Death, & Resurrection",Default Arrangement,,0,"","D, E, G",H029 - How Deep The Father's Love For Us,118,0,"","G, E"
12622802,H030 - How Great Is Our God,4348399,"","","September 02, 2017",Contemporary,Declarative,"","God's Greatness, Power, Glory, Thankfulness & Adoration",H030 - How Great Is Our God,143,0,"",A,,,,
12610540,H031 - How Great Thou Art,14181,"","","May 07, 2017",Traditional,Adoration,Offering,"God's Greatness, Power, Glory",H031 - How Great Thou Art,132,0,"","G, A, E: Miesha",,,,
12610592,H032 - How He Loves,5032549,"","","July 06, 2017",Contemporary,Declarative,"",God's Love & as Father,Default Arrangement,149,0,"","A, G, F: Michelle's Key",,,,
12610609,H033 - How Marvelous,6271835,"","","August 06, 2017",Traditional,Adoration,Offering,Our Testimony & Redemption,H033 - How Marvelous,81,0,"",G,,,,
12616060,H034 - Humble King,2650388,"","","November 10, 2016",Contemporary,Reflection & Prayer,"","Commitment & Dedication, Jesus' Life, Death, & Resurrection",Default Arrangement,,0,"","G, E",,,,
12890852,H035 - Here As In Heaven,7051506,"",All song resources provided courtesy of Essential Worship – for more worship resources visit EssentialWorship.com,"September 08, 2017",Contemporary,Desperation & Dependence,"","God's Kingdom & Reign, God's Presence & Intimacy",H035 - Here As In Heaven,139,0,"","D: Original Key, A, Bb: Chris' Key, C",,,,
13044814,H036 - Hear Us From Heaven,4455392,"","","February 09, 2017",Contemporary,Desperation & Dependence,"","Church & Unity, God's Kingdom & Reign",Hear Us From Heaven,144,0,"",G,,,,
13931291,H037 - Here I Am Send Me,7074926,"","","August 27, 2017",Contemporary,Declarative,"","Holy Spirit, Missions, Evangelism, The Nations",H037 - Here I Am Send Me,152,0,"","E: Michelle's Key, G: Chris' Key, B: Miesha's Key",,,,
13287465,Heart Abandoned,,"","",,"","","","",Default Arrangement,69.5,0,"",A,,,,
13983859,His Glory Appears,5407301,"","",,"","","","",Default Arrangement,,0,"",D,,,,
12603309,I Surrender All (All To Jesus),6533968,"","",,"","","","",Default Arrangement,,0,"","",,,,
12616559,I001 - I Adore,3290716,"","",,Contemporary,Adoration,"",Thankfulness & Adoration,Default Arrangement,,0,"",E-A,,,,
12616100,I002 - I Am Free,4220974,"","",,Contemporary,Celebratory,"",Freedom,Default Arrangement,,0,"",E,,,,
12616529,I003 - I Can Only Imagine,2978857,"","",,Contemporary,Adoration,"","Our Testimony & Redemption, Thankfulness & Adoration",Default Arrangement,,0,"",E,,,,
12632358,I004 - I Come,3477632,"","",,Contemporary,Desperation & Dependence,"",Surrender,Default Arrangement,,0,"",G,,,,
12632374,I005 - I Could Sing Of Your Love Forever,1043199,"","","October 06, 2016",Contemporary,Adoration,"","God's Love & as Father, Thankfulness & Adoration",I005 - I Could Sing Of Your Love Forever,90,0,"",E,,,,
12632400,I006 - I Exalt Thee,17803,"","",,Contemporary,Adoration,"","God's Greatness, Power, Glory, Thankfulness & Adoration",Default Arrangement,,0,"",D,,,,
12632409,I007 - I Give Myself Away,5873382,"","","January 26, 2017",Contemporary,Desperation & Dependence,"",Surrender,Default Arrangement,,0,"","D, E",,,,
12632419,I008 - I Give You My Heart,1866132,"","","January 05, 2017",Contemporary,Adoration,"","Surrender, Thankfulness & Adoration",Default Arrangement,,0,"",G,,,,
12632428,I009 - I Lift My Hands,5869884,"","","August 25, 2017",Contemporary,Desperation & Dependence,"","God's Faithfulness, Trust",I009 - I Lift My Hands,72.5,0,"","G, C",,,,
12632439,I010 - I Need You,5444436,"","",,Contemporary,Desperation & Dependence,"","Jesus' Life, Death, & Resurrection, Surrender",Default Arrangement,,0,"",A,,,,
12632450,I011 - I Need You More,2061678,"","","January 26, 2017",Contemporary,Desperation & Dependence,"","God's Presence & Intimacy, Surrender",Default Arrangement,,0,"","D, E",,,,
12632456,I012 - I Offer My Life,1375252,"","","July 09, 2017",Contemporary,Adoration,"",Commitment & Dedication,I012 - I Offer My Life,142,0,"",E,,,,
12632464,I013 - I Stand In Awe,23914,"","","August 27, 2017",Contemporary,Adoration,"","God's Greatness, Power, Glory, Thankfulness & Adoration",I013 - I Stand In Awe,140,0,"",G,,,,
12632477,I014 - I Surrender,6177317,"","","June 08, 2017",Contemporary,Desperation & Dependence,"",Surrender,I014 - I Surrender,154,0,"","E, D, A: Michelle's Key",,,,
12603329,I015 - I Surrender All,23189,"","","September 10, 2017",Traditional,Adoration,Offering,Surrender,I015 - I Surrender All,152,0,"",D,,,,
12633265,I016 - I Want To Love You More,,"","",,Contemporary,Adoration,"",Thankfulness & Adoration,Default Arrangement,,0,"",D,,,,
12633267,I017 - I Will Follow,5806878,"","","April 20, 2017",Contemporary,Declarative,"","Surrender, Trust",Default Arrangement,,0,"",G,,,,
12633268,I018 - I Will Offer Up My Life,1083764,"","",,Contemporary,Adoration,Communion,"Jesus' Life, Death, & Resurrection, Thankfulness & Adoration",Default Arrangement,,0,"",D,,,,
12633269,I019 - I'd Rather Have Jesus,16653,"","","July 30, 2017",Traditional,Adoration,Offering,"Commitment & Dedication, Thankfulness & Adoration",I019 - I'd Rather Have Jesus,101.9,0,"",C,,,,
12633278,I020 - I'm Going Free (Jailbreak),6561868,"","","January 15, 2017",Contemporary,Celebratory,"","Freedom, Our Testimony & Redemption",I020 - I'm Going Free (Jailbreak),115,0,"",E,,,,
12633282,I021 - I'm Not Ashamed,4869861,"","",,Contemporary,Celebratory,"",Our Testimony & Redemption,Default Arrangement,,0,"",G,,,,
12633284,I022 - If I Have You,7035187,"","","July 02, 2017",Contemporary,Reflection & Prayer,"","Surrender, Trust",Default Arrangement,140,0,"","E, F",,,,
12633286,I023 - In Christ Alone (I Place My Trust),841440,"","","July 02, 2017",Contemporary,Desperation & Dependence,"",Trust,Default Arrangement,,0,"",G,,,,
12633290,I024 - In Christ Alone (Passion),3350395,"","","July 23, 2017",Contemporary,Declarative,"","Jesus' Life, Death, & Resurrection, Trust",I024 - In Christ Alone (Passion),136,0,"","E, D",,,,
12599113,I025 - In The Secret,1810119,"","","July 06, 2017",Contemporary,Reflection & Prayer,"","Commitment & Dedication, God's Presence & Intimacy",I025 - In The Secret,107,0,"","G, F",,,,
12590847,I026 - In Your Freedom,4869902,"","",,Contemporary,Desperation & Dependence,"","Commitment & Dedication, Freedom",Default Arrangement,,0,"","D, B",,,,
12599153,I027 - In Your Light,6256726,"","","August 05, 2016",Contemporary,Celebratory,"",Our Testimony & Redemption,Default Arrangement,,0,"",A,,,,
12599129,I028 - Indescribable,4403076,"","",,Contemporary,Declarative,"","God's Greatness, Power, Glory",Default Arrangement,,0,"",G,,,,
12599600,I029 - It Is Well,4490515,"","",,Traditional,Desperation & Dependence,"",Trust,Default Arrangement,,0,"",C,,,,
12599611,I030 - It Is Well With My Soul,5875665,"","","November 13, 2016",Contemporary,Declarative,"",Trust,I030 - It Is Well With My Soul,87,0,"","G, F: Michelle's Key",,,,
13287783,I031 - In God We Trust,7037224,"","","September 10, 2017",Contemporary,Declarative,"","God's Faithfulness, God's Kingdom & Reign",I031 - In God We Trust,161,0,"","D, B: Chris",,,,
13775841,I033 - I Need Thee Every Hour,3220487,"","","April 23, 2017",Traditional,Desperation & Dependence,Offering,"",I033 - I Need Thee Every Hour,140,0,"",E-F#,,,,
13982604,I034 - It Is Well,7021972,"","","June 18, 2017",Contemporary,Desperation & Dependence,"","Surrender, Trust",I034 - It Is Well,130,0,"",G: Michelle,,,,
14285790,I035 - I Came For You,7059062,"","","September 08, 2017",Contemporary,Desperation & Dependence,Call to Worship,"God's Presence & Intimacy, Holy Spirit",I035 - I Came For You,152,0,"","C-D: Chris, D#, D, G, B-C#",,,,
13984091,In The River,7054537,"","",,"","","","",Default Arrangement,118,0,"","",,,,
12599145,J001 - Jesus At The Center,6115180,"","","May 05, 2017",Gospel,Adoration,"","Church & Unity, Thankfulness & Adoration",J001 - Jesus At The Center,129,0,"","E, D, C",,,,
12599161,J002 - Jesus Loves Me,7028829,"","","June 02, 2017",Contemporary,Reflection & Prayer,"","God's Love & as Father, Our Testimony & Redemption",Default Arrangement,,0,"",A,,,,
12590915,J003 - Jesus Messiah,5183443,"","","April 14, 2017",Contemporary,Adoration,Communion,"Hope, Jesus' Life, Death, & Resurrection",Default Arrangement,,0,"","B, G",,,,
12592415,J004 - Jesus Paid It All,4689508,"","","August 27, 2017",Contemporary,Declarative,Communion,"Jesus' Life, Death, & Resurrection",Default Arrangement,148,0,"","B, Bb, A",,,,
12599180,J005 - Jesus Lover Of My Soul,1545484,"","",,Contemporary,Adoration,"",Thankfulness & Adoration,Default Arrangement,,0,"",G,,,,
12599170,J006 - Jesus Lover Of My Soul (Hillsong),1198817,"","",,Contemporary,Desperation & Dependence,"","Thankfulness & Adoration, Trust",Default Arrangement,,0,"",G,,,,
12591507,"J007 - Jesus, Only Jesus",6517269,"","","June 25, 2017",Contemporary,Adoration,"","God's Greatness, Power, Glory, Thankfulness & Adoration","J007 - Jesus, Only Jesus",134,0,"",A,,,,
12592778,"J008 - Jesus, Son Of God",6223539,"","","August 29, 2017",Contemporary,Declarative,"","Jesus' Life, Death, & Resurrection, Thankfulness & Adoration","J008 - Jesus, Son Of God",153,0,"","B, G, A",,,,
12598781,J009 - Jesus We Enthrone You,1964707,"","","January 19, 2017",Contemporary,Adoration,"",God's Kingdom & Reign,J009 - Jesus We Enthrone You,134,0,"",G,,,,
12598555,J010 - Jesus You Alone,2769547,"","","March 05, 2017",Contemporary,Celebratory,"","Commitment & Dedication, Thankfulness & Adoration",J010 - Jesus You Alone,130,0,"",A,,,,
12599353,"J011 - Jesus, Your Love",7047282,"","","September 29, 2016",Contemporary,Reflection & Prayer,"","God's Love & as Father, Thankfulness & Adoration",Default Arrangement,126,0,"","D, F",,,,
12874373,J012 - Jesus I Come,7011437,"",Job 11:17 - All song resources provided courtesy of Essential Worship – for more worship resources visit EssentialWorship.com,"September 08, 2017",Contemporary,Adoration,"","God's Love & as Father, Thankfulness & Adoration",J012 - Jesus I Come,137,0,"","D: Default Key, C, B: Chris' Key, A, F: Michelle's Key",,,,
12598685,K001 - Kindness,3028373,"","",,Contemporary,Adoration,"","Repentance, Thankfulness & Adoration",Default Arrangement,,0,"",G,,,,
12600457,K002 - King,4255248,"","","July 23, 2017",Contemporary,Celebratory,"","God's Greatness, Power, Glory, God's Kingdom & Reign",K002 - King,148,0,"","C, A, B",,,,
12599084,K003 - King Of All Glory,4883012,"","","August 17, 2017",Contemporary,Declarative,"","God's Greatness, Power, Glory, God's Kingdom & Reign",K003 - King Of All Glory,94,0,"",A,,,,
12599104,K004 - Knowing You,1045238,"","","January 14, 2017",Contemporary,Reflection & Prayer,"","Commitment & Dedication, Surrender",Default Arrangement,,0,"",C,,,,
12600177,L001 - Lay Me Down,6223577,"","","August 27, 2017",Contemporary,Celebratory,"","Commitment & Dedication, Surrender",L001 - Lay Me Down,136,0,"","A, C",,,,
12599817,L002 - Let Everything That Has Breath,2430979,"","","February 19, 2017",Contemporary,Celebratory,Call to Worship,"God's Greatness, Power, Glory, Thankfulness & Adoration",L002 - Let Everything That Has Breath,116,0,"",E,,,,
12599880,L003 - Let It Be Jesus,7017785,"","","September 15, 2016",Contemporary,Desperation & Dependence,"","Commitment & Dedication, Surrender",L003 - Let It Be Jesus,68,0,"","G, A",,,,
12593197,L004 - Let It Echo (Heaven Fall),7054538,"","","August 06, 2017",Contemporary,Declarative,"","Missions, Evangelism, The Nations",L004 - Let It Echo (Heaven Fall),140,0,"","Bb, G, G",,,,
12599802,L005 - Let It Rise,2240585,"","","October 16, 2016",Contemporary,Celebratory,Call to Worship,"God's Greatness, Power, Glory",Default Arrangement,,0,"",E,,,,
12592901,L006 - Let My Words Be Few,3040980,"","",,Contemporary,Adoration,"",Thankfulness & Adoration,Default Arrangement,,0,"",G,,,,
12599376,L007 - Let Your Glory Fall,785489,"","","March 24, 2017",Contemporary,Reflection & Prayer,"","God's Greatness, Power, Glory, Missions, Evangelism, The Nations",Default Arrangement,,0,"",G,,,,
12599195,L008 - Lifesong,4578839,"","",,Contemporary,Reflection & Prayer,"","Commitment & Dedication, Surrender",Default Arrangement,,0,"",A,,,,
12599785,L009 - Light The Fire Again,1346920,"","",,Contemporary,Reflection & Prayer,"",Commitment & Dedication,Default Arrangement,,0,"",F,,,,
12600145,L010 - Look How He Lifted Me,7031516,"","","August 26, 2017",Contemporary,Celebratory,"",Our Testimony & Redemption,L010 - Look How He Lifted Me,115.1,0,"",G,,,,
12599403,L011 - Lord Most High,2037688,"","",,Contemporary,Adoration,"","God's Greatness, Power, Glory",Default Arrangement,,0,"",E,,,,
12599425,L012 - Lord I Need You,5925687,"","","May 21, 2017",Contemporary,Desperation & Dependence,"",Trust,Default Arrangement,,0,"",A,,,,
12600246,L013 - Lost In Wonder,3943520,"","","April 14, 2017",Contemporary,Adoration,Communion,"Jesus' Life, Death, & Resurrection, Thankfulness & Adoration",Default Arrangement,,0,"",G,,,,
12599470,L014 - Love Like Fire,5636921,"","",,Contemporary,Desperation & Dependence,"","God's Love & as Father, Surrender",Default Arrangement,,0,"",E,,,,
12634531,L015 - Little By Little,1471565,"","",,Children,"","","",Default Arrangement,,0,"",G,,,,
13906666,L016 - Let There Be Light,7069096,"","","June 04, 2017",Contemporary,Desperation & Dependence,"","Freedom, Trust",Default Arrangement,142,0,"","C: Original, B: Chris",,,,
12598513,M001 - Made Me Glad,3290709,"","","May 21, 2017",Contemporary,Desperation & Dependence,"",Trust,M001 - Made Me Glad,162,0,"",B,,,,
12598711,M002 - Madly,3622016,"","","March 24, 2017",Contemporary,Declarative,"","Commitment & Dedication, Missions, Evangelism, The Nations",Default Arrangement,,0,"",E,,,,
12600037,M003 - Majestic,4573308,"","","July 06, 2017",Contemporary,Celebratory,Call to Worship,"God's Greatness, Power, Glory, Thankfulness & Adoration",Default Arrangement,126,0,"","D, B, G: Miesha's Key, F",,,,
12603093,M004 - Majesty,4219071,"","","January 08, 2017",Contemporary,Reflection & Prayer,Communion,"Jesus' Life, Death, & Resurrection, Our Testimony & Redemption",Default Arrangement,,0,"",A,,,,
12471375,M005 -  Man Of Sorrows,7045897,"","","August 13, 2017",Contemporary,Declarative,Communion,"Jesus' Life, Death, & Resurrection, Our Testimony & Redemption",M005 -  Man Of Sorrows,144,0,"","E, G",,,,
12603107,M006 - Marvelous Light,4491002,"","","March 26, 2017",Contemporary,Celebratory,"","Commitment & Dedication, Jesus' Life, Death, & Resurrection",Default Arrangement,124,0,"","A, G",,,,
12603117,M007 - Meet Us Here,311736,"","","August 29, 2017",Contemporary,Adoration,Call to Worship,God's Presence & Intimacy,Default Arrangement,105,0,"","D, E",,,,
12603142,M008 - Mighty To Save,4591782,"","","September 10, 2017",Contemporary,Declarative,"","Missions, Evangelism, The Nations",M008 - Mighty To Save,75.5,0,"","A, E, D",,,,
12603165,M009 - Much Of You,4399018,"","",,Contemporary,Adoration,"",Commitment & Dedication,Default Arrangement,,0,"","Bb, A",,,,
12603237,M010 - Multiply,7028404,"","","August 28, 2016",Contemporary,Declarative,"",Commitment & Dedication,Default Arrangement,,0,"",G,,,,
12603269,M011 - My Glorious,3187575,"","",,Contemporary,Declarative,"","God's Greatness, Power, Glory",Default Arrangement,,0,"","F#, A",,,,
12603332,M012 - My God Reigns,5507878,"","","August 25, 2017",Contemporary,Desperation & Dependence,"","God's Faithfulness, Trust",M012 - My God Reigns,82,0,"","B, A, E",,,,
12603348,M013 - My Heart Is Yours,7017788,"","","August 26, 2017",Contemporary,Declarative,"","Commitment & Dedication, Surrender",Default Arrangement,,0,"",G,,,,
12616571,M014 - My Jesus I Love Thee,27817,"","","April 02, 2017",Traditional,Adoration,Offering,"Jesus' Life, Death, & Resurrection, Thankfulness & Adoration",Default Arrangement,,0,"","D, F",,,,
13285034,M015 - More And More,6231569,"","","August 17, 2017",Gospel,Declarative,"","God's Faithfulness, God's Presence & Intimacy",M015 - More And More,150,0,"","G, D: Chris, F: Miesha, E",,,,
13836340,M016 - Miracles,7054541,"","","September 02, 2017",Contemporary,Desperation & Dependence,"","God's Faithfulness, Trust",M016 - Miracles,144,0,"","C: Chris, D, A",,,,
12617684,N001 - Never Once,5997055,"","","July 16, 2017",Contemporary,Reflection & Prayer,"","God's Faithfulness, Our Testimony & Redemption",Default Arrangement,,0,"",G,,,,
12617784,N002 - No Chains On Me,5869925,"","",,Contemporary,Celebratory,"",Freedom,Default Arrangement,,0,"",C,,,,
12603228,N003 - No Higher Calling,121799,"","",,Contemporary,Adoration,"","Commitment & Dedication, Thankfulness & Adoration",Default Arrangement,,0,"","C, A",,,,
12617838,N004 - No Longer Slaves,7030123,"","","August 27, 2017",Contemporary,Declarative,"","Freedom, God's Love & as Father",N004 - No Longer Slaves,76,0,"","F, G, E, D, C: Michelle's Key",,,,
12617970,N005 - No One Higher,6543666,"","","September 02, 2017",Contemporary,Declarative,"","God's Greatness, Power, Glory, God's Presence & Intimacy",Default Arrangement,143,0,"",A,,,,
12618050,N006 - No Other Name,7019979,"","","August 28, 2017",Contemporary,Declarative,"","God's Greatness, Power, Glory, God's Kingdom & Reign",Default Arrangement,148,0,"","G, F",,,,
12618189,N007 - None But Jesus,4726186,"","","March 16, 2017",Contemporary,Reflection & Prayer,"","Commitment & Dedication, Jesus' Life, Death, & Resurrection",N007 - None But Jesus,139,0,"",C,,,,
12621441,N008 - Not For A Moment,6350268,"","","August 10, 2017",Contemporary,Desperation & Dependence,"","God's Faithfulness, Our Testimony & Redemption",Default Arrangement,,0,"",E: Michelle's Key,,,,
12618811,N009 - Not To Us,4046093,"","",,Contemporary,Celebratory,"","Commitment & Dedication, God's Greatness, Power, Glory",Default Arrangement,,0,"",A,,,,
12621522,N010 - Nothing But The Blood ,21332,"","","September 03, 2017",Traditional,Reflection & Prayer,Communion,"Jesus' Life, Death, & Resurrection",Default Arrangement,,0,"",E,,,,
12621952,N011 - Nothing But The Blood (Your Blood),4329411,"","",,Contemporary,Declarative,"","Jesus' Life, Death, & Resurrection, Thankfulness & Adoration",Default Arrangement,,0,"",A,,,,
12618586,N012 - Nothing I Hold Onto,5911251,"","","August 20, 2017",Contemporary,Desperation & Dependence,"","Commitment & Dedication, Trust",N012 - Nothing I Hold Onto,134,0,"","G, D",not for a moment,,0,"",""
12618676,N013 - Nothing Is Impossible,5199808,"","","June 22, 2017",Contemporary,Celebratory,"","God's Greatness, Power, Glory, Trust",N013 - Nothing Is Impossible,142,0,"","G, C: Miesha",,,,
12621961,N014 - Nothing Is Wasted,6447023,"","","May 28, 2017",Contemporary,Desperation & Dependence,"","God's Faithfulness, Hope",Default Arrangement,,0,"",A,,,,
12621987,N015 - Now That You're Near,3452767,"","",,Contemporary,Celebratory,"","Commitment & Dedication, God's Presence & Intimacy",Default Arrangement,,0,"",E,,,,
12621999,O001 - O Come To The Altar,7051511,"","","August 27, 2017",Contemporary,Desperation & Dependence,"","Jesus' Life, Death, & Resurrection, Repentance",O001 - O Come To The Altar,140,0,"","G, E: Michelle's Key",,,,
12622007,O002 - O Praise The Name (Anastasis),7037787,"","","August 28, 2017",Contemporary,Declarative,"","Jesus' Life, Death, & Resurrection, Thankfulness & Adoration",O002 - O Praise The Name (Anastasis),145,0,"","A, G, E, B",O002 - O Praise The Name (Special),145,0,"",A
12622012,O003 - Oceans (Where Feet May Fail),6428767,"","","May 06, 2017",Contemporary,Desperation & Dependence,"","Commitment & Dedication, Trust",Default Arrangement,132,0,"",F,,,,
12621579,O004 - Oh For A Thousand Tongues To Sing,5013881,"","","February 26, 2017",Traditional,"",Offering,"",O004 - Oh For A Thousand Tongues To Sing,152,0,"","G, F",,,,
12622021,O005 - O Praise Him,4158022,"","",,Contemporary,Celebratory,Call to Worship,Thankfulness & Adoration,Default Arrangement,,0,"",A,,,,
12621596,O006 - On The Throne,7028400,"","","August 30, 2017",Contemporary,Declarative,"","Commitment & Dedication, God's Faithfulness",Default Arrangement,,0,"","G, A",,,,
12618835,O007 - Once Again,1564362,"","","February 12, 2017",Contemporary,Reflection & Prayer,Communion,"Jesus' Life, Death, & Resurrection, Thankfulness & Adoration",Default Arrangement,,0,"",D,,,,
12599209,O008 - One Desire,3452743,"","","November 06, 2016",Contemporary,Desperation & Dependence,"","Commitment & Dedication, God's Presence & Intimacy",Default Arrangement,,0,"",E,,,,
12599299,O009 - One Pure And Holy Passion,270224,"","",,Contemporary,Reflection & Prayer,"","Commitment & Dedication, Holiness & Purity",Default Arrangement,,0,"",C,,,,
12592117,O010 - One Thing,3132063,"","",,Contemporary,Adoration,"","Commitment & Dedication, God's Presence & Intimacy",Default Arrangement,,0,"","D, E",,,,
12599485,O011 - One Thing Remains,5508444,"","","August 27, 2017",Contemporary,Declarative,"",God's Love & as Father,O011 - One Thing Remains,144,0,"","A, E",,,,
12599902,O012 - One Voice,12138,"","","July 23, 2017",Contemporary,Reflection & Prayer,"",Church & Unity,O012 - One Voice,129,0,"",D,,,,
12599957,O013 - One Way,4222082,"","","October 20, 2016",Contemporary,Celebratory,"",Commitment & Dedication,Default Arrangement,135,0,"","B, A",,,,
12599995,O014 - Only A God Like You,3185395,"","","May 31, 2017",Contemporary,Celebratory,"",Commitment & Dedication,Default Arrangement,,0,"",G,,,,
12600038,O015 - Only You,2579397,"","",,Contemporary,Desperation & Dependence,"",Commitment & Dedication,Default Arrangement,,0,"","C, A",,,,
12600061,O016 - Open Heaven (River Wild),7047254,"","","June 03, 2017",Contemporary,Declarative,"","Holy Spirit, Surrender",O016 - Open Heaven (River Wild),144.5,0,"","C: Edwin's Key, G, A, B, Bb",,,,
12600079,O017 - Open The Eyes Of My Heart,2298355,"","","May 06, 2017",Contemporary,Declarative,Call to Worship,"God's Greatness, Power, Glory",O017 - Open The Eyes Of My Heart,108,0,"",E,,,,
12600097,O018 - Open Up The Heavens,6304702,"","","February 26, 2017",Contemporary,Celebratory,Call to Worship,"God's Greatness, Power, Glory",O018 - Open Up The Heavens,116,0,"","D, A, B: Michelle's Key",,,,
12600398,O019 - Open Up The Sky,5097302,"","",,Contemporary,Desperation & Dependence,"",God's Presence & Intimacy,Default Arrangement,,0,"",A,,,,
12603199,O020 - Our God,5677416,"","","July 02, 2017",Contemporary,Declarative,"","God's Greatness, Power, Glory",O020 - Our God,107.5,0,"",A,,,,
12603215,O021 - Our Heart,1160618,"","",,Contemporary,Reflection & Prayer,"","Missions, Evangelism, The Nations",Default Arrangement,,0,"",A,,,,
12603239,O022 - Our Love Is Loud,3560817,"","",,Contemporary,Celebratory,"",Thankfulness & Adoration,Default Arrangement,,0,"",E,,,,
12603248,O023 - Overflow,4274566,"","",,Contemporary,Reflection & Prayer,"","Commitment & Dedication, Trust",Default Arrangement,,0,"",G,,,,
13930852,O024 - Only Wanna Sing,7053170,"","","June 03, 2017",Contemporary,Celebratory,"",Thankfulness & Adoration,O024 - Only Wanna Sing,131.5,0,"","F: Chris, G: Original",,,,
12603266,P001 - Place Of Freedom,6439691,"","","March 30, 2017",Contemporary,Reflection & Prayer,"","Freedom, God's Presence & Intimacy",Default Arrangement,,0,"","E, G",,,,
12603311,P002 - The Power Of Your Love,917491,"","","May 30, 2017",Contemporary,Desperation & Dependence,"","Commitment & Dedication, God's Love & as Father",Default Arrangement,,0,"","Bb, A",,,,
12603320,P003 - Prepare The Way,3441008,"","","January 26, 2017",Contemporary,Adoration,"","God's Greatness, Power, Glory",Default Arrangement,,0,"",D,,,,
12603333,P004 - Presence Power Glory,7001402,"","","June 22, 2017",Contemporary,Declarative,"","God's Presence & Intimacy, Holy Spirit",P004 - Presence Power Glory,142.5,0,"","G, E",,,,
12603343,P005 - Psalm 19,1773823,"","",,Contemporary,Reflection & Prayer,"",Commitment & Dedication,Default Arrangement,,0,"",C,,,,
12603364,P006 - Pursuit,5199413,"","","August 25, 2017",Contemporary,Desperation & Dependence,"","God's Presence & Intimacy, Surrender",P006 - Pursuit,144,0,"","A, G, F: Michelle's Key",,,,
13745876,P007 - Praise The King,7032344,"","","April 16, 2017",Contemporary,Declarative,"","Freedom, Jesus' Life, Death, & Resurrection",P007 - Praise The King,147,0,"","C, E, A: Chris",,,,
12603373,R001 - Raised To Life,7011534,"","","April 20, 2017",Contemporary,Celebratory,"","Freedom, Jesus' Life, Death, & Resurrection",Default Arrangement,156,0,"","A, G",,,,
12603385,R002 - Reaching For You,5808807,"","","December 04, 2016",Contemporary,Desperation & Dependence,Call to Worship,"Commitment & Dedication, Thankfulness & Adoration",R002 - Reaching For You,135.4,0,"",A,,,,
12603395,R003 - Refiner's Fire,426298,"","","July 16, 2017",Contemporary,Reflection & Prayer,"","Holiness & Purity, Repentance",Default Arrangement,,0,"",E,,,,
12603407,R004 - Reign In Us,5207587,"","","June 22, 2017",Contemporary,Reflection & Prayer,"","Commitment & Dedication, Surrender",R004 - Reign In Us,144,0,"",A,,,,
12600384,R005 - Resurrecting,7051507,"","","August 20, 2017",Contemporary,Declarative,"","Freedom, God's Greatness, Power, Glory",R005 - Resurrecting,148,0,"","A, G, C, F: Michelle's Key",R005 - Resurrecting (Special),142,0,"",C
12603419,R006 - Rise,5894244,"","",,Contemporary,Declarative,"","Church & Unity, Commitment & Dedication",Default Arrangement,,0,"",A,,,,
12603431,R007 - Running,6177290,"","",,Contemporary,Declarative,"","Commitment & Dedication, Freedom",Default Arrangement,,0,"",A,,,,
12798802,R008 - Radiant,,"","","March 24, 2017",Contemporary,Declarative,"","God's Greatness, Power, Glory, Hope",Default Arrangement,135,0,"","G, E, F",,,,
14287445,R009 - Ready For You,6503682,"","","September 10, 2017",Contemporary,Desperation & Dependence,Call to Worship,"God's Greatness, Power, Glory, Hope",R009 - Ready For You,172,0,"","G, A",,,,
12603445,S001 - Salvation Is Here,4451327,"","","August 20, 2017",Contemporary,Celebratory,"",Freedom,S001 - Salvation Is Here,114,0,"",A,,,,
12603452,S002 - Sanctuary,24140,"","","June 02, 2017",Contemporary,Reflection & Prayer,"","Holiness & Purity, Surrender",Default Arrangement,,0,"","D, C, F",,,,
12603457,S003 - Satisfied,,"","",,Contemporary,Declarative,"","Thankfulness & Adoration, Trust",Default Arrangement,,0,"",A,,,,
12603478,S004 - Saviour King,4785897,"","","June 03, 2017",Contemporary,Declarative,"","Church & Unity, Thankfulness & Adoration",Default Arrangement,,0,"",E,,,,
12603491,S005 - Second Chance,5032051,"","","July 16, 2017",Contemporary,Desperation & Dependence,"",Repentance,Default Arrangement,144,0,"","A, G",,,,
12603496,S006 - Send Me Out,5621778,"","",,Contemporary,Declarative,"","Missions, Evangelism, The Nations",Default Arrangement,,0,"",G,,,,
12624194,S007 - Set A Fire,5911299,"","","June 22, 2017",Contemporary,Desperation & Dependence,"",God's Presence & Intimacy,S007 - Set A Fire,68,0,"","A, B",,,,
12624231,S008 - Set Apart,7021505,"","",,Contemporary,Declarative,"","Church & Unity, Commitment & Dedication",Default Arrangement,,0,"",A,,,,
12624239,S009 - Shine A Light,7051508,"","",,Contemporary,Celebratory,"","Freedom, God's Greatness, Power, Glory",Default Arrangement,,0,"",D,,,,
12626214,S010 - Shout To The Lord,1406918,"","","June 29, 2017",Contemporary,Declarative,"","God's Faithfulness, Thankfulness & Adoration",Default Arrangement,,0,"","A, G",,,,
12626234,S011 - Shout Unto God,4455206,"","","April 16, 2017",Contemporary,Declarative,"","Freedom, Hope",S011 - Shout Unto God,147,0,"",A,,,,
12635006,S012 - Show Me Your Glory,5875184,"","","July 13, 2017",Contemporary,Desperation & Dependence,"",God's Presence & Intimacy,Default Arrangement,,0,"",E,,,,
12599347,S013 - Sing Sing Sing,5114065,"","","April 07, 2017",Contemporary,Celebratory,"",Thankfulness & Adoration,S013 - Sing Sing Sing,145,0,"",E: Chris,,,,
12599366,S014 - Sing To The King,4010902,"","","November 20, 2016",Contemporary,Declarative,"","Church & Unity, Jesus' Life, Death, & Resurrection",S014 - Sing To The King,120,0,"","E: Michelle, Chris",,,,
12603150,S015 - Sinking Deep,6605236,"","","August 26, 2017",Contemporary,Desperation & Dependence,"","God's Love & as Father, God's Presence & Intimacy",S015 - Sinking Deep,140,0,"","G, F: Michelle's Key, D",,,,
12603191,S016 - Something More,,"","","July 13, 2017",Contemporary,Reflection & Prayer,"","Surrender, Thankfulness & Adoration",Default Arrangement,,0,"","E, C",,,,
12603200,S017 - Sovereign,6453309,"","","May 28, 2017",Contemporary,Declarative,"","God's Faithfulness, Hope",S017 - Sovereign,142,0,"",F,,,,
12609709,S018 - Spirit Break Out,6058450,"","","August 10, 2017",Contemporary,Desperation & Dependence,"","Church & Unity, Holy Spirit",S018 - Spirit Break Out,148,0,"","B, A, C, G, Bb, E",,,,
12609937,S019 - Stay Amazed,5168846,"","",,Contemporary,Declarative,"",Thankfulness & Adoration,Default Arrangement,,0,"",A,,,,
12609975,S020 - Step by Step,1194926,"","","August 21, 2016",Contemporary,Declarative,"",Commitment & Dedication,Default Arrangement,,0,"","G, D, E",,,,
12622030,S021 - Still,3940963,"","","October 23, 2016",Contemporary,Desperation & Dependence,"",Hope,Default Arrangement,,0,"","C, B",,,,
12610041,S022 - Stir In Me,2731678,"","",,Contemporary,Desperation & Dependence,Call to Worship,Commitment & Dedication,Default Arrangement,,0,"",G,,,,
12622486,S023 - Strong God,6223670,"","","March 05, 2017",Contemporary,Desperation & Dependence,"",God's Faithfulness,S023 - Strong God,130,0,"","G, A",,,,
12622633,S024 - Strong To Save,7005721,"","","April 07, 2017",Contemporary,Declarative,"","God's Faithfulness, Hope",S024 - Strong To Save,81.5,0,"","B, A",,,,
12610102,S025 - Stronger,5060810,"","","March 16, 2017",Contemporary,Declarative,"","Jesus' Life, Death, & Resurrection",S025 - Stronger,140,0,"","C, A",,,,
13465564,S026 - Spirit Of The Living God,7035191,"",2 Corinthians 4:14 / 2 Corinthians 3:17-18  - All song resources provided courtesy of Essential Worship – for more worship resources visit EssentialWorship.com,"August 29, 2017",Contemporary,Desperation & Dependence,"","God's Presence & Intimacy, Holy Spirit",S026 - Spirit Of The Living God,134,0,"","D: Michelle's Key, E: Chris' Key, C",,,,
13983988,Scandal Of Grace (I'd Be Lost),7063382,"","",,"","","","",Default Arrangement,,0,"","",,,,
12615381,T001 - Take Heart,5409031,"","",,Contemporary,Desperation & Dependence,"",Hope,Default Arrangement,,0,"","B, G",,,,
12615462,T002 - Take It All,4705152,"","","July 09, 2017",Contemporary,Celebratory,"",Surrender,T002 - Take It All,152,0,"",B,,,,
12615542,T003 - Take My Life,1617154,"","",,Contemporary,Desperation & Dependence,"","Holiness & Purity, Surrender",Default Arrangement,,0,"",G,,,,
12616121,T004 - Take My Life (Here Am I),4162843,"","","January 29, 2017",Contemporary,Desperation & Dependence,"",Surrender,T004 - Take My Life (Here Am I),86,0,"",D: Chris,,,,
12616160,T005 - Take My Life and Let It Be,,"","",,Traditional,Reflection & Prayer,Offering,"Commitment & Dedication, Surrender",Default Arrangement,,0,"",D,,,,
12634830,T006 - Tell The World,4451310,"","",,Contemporary,Declarative,"","Commitment & Dedication, Missions, Evangelism, The Nations",Default Arrangement,,0,"",A,,,,
12616318,T007 - Testify to Love,,"","",,Contemporary,Declarative,"","Commitment & Dedication, Missions, Evangelism, The Nations",Default Arrangement,,0,"",G,,,,
12616572,T008 - Thank You,5637487,"","","April 23, 2017",Contemporary,Declarative,"",Thankfulness & Adoration,T008 - Thank You,145,0,"",C,,,,
12616585,T009 - The Anthem,5066041,"","","September 03, 2017",Contemporary,Declarative,"","Freedom, Jesus' Life, Death, & Resurrection",T009 - The Anthem,146,0,"",G,,,,
12616592,T010 - The Difference,5894172,"","","September 03, 2017",Contemporary,Celebratory,"",Freedom,Default Arrangement,152,0,"","A, G",,,,
12616600,T011 - The King Is Among Us,7031509,"","","August 06, 2017",Contemporary,Desperation & Dependence,"",Holy Spirit,T011 - The King Is Among Us,142,0,"","A, G, F, E",,,,
12616614,T012 - The Lord Our God,6518055,"","","May 05, 2017",Contemporary,Declarative,"",God's Faithfulness,T012 - The Lord Our God,152,0,"","A, G, E, F",,,,
12628222,T013 - Turn Your Eyes Upon Jesus,15960,"","","May 25, 2017",Traditional,Reflection & Prayer,"",Commitment & Dedication,Default Arrangement,,0,"",D,,,,
12618819,T014  - The More I Seek You,4447991,"","",,Contemporary,Reflection & Prayer,"",God's Presence & Intimacy,Default Arrangement,,0,"",E,,,,
12618558,T015 - The Old Rugged Cross,19722,"","","October 30, 2016",Traditional,Declarative,Communion,"Jesus' Life, Death, & Resurrection, Thankfulness & Adoration",Default Arrangement,84,0,"","Bb, A, F, G: Chris' Key",,,,
12618750,T016 - The Power Of Your Name,5200900,"","","March 24, 2017",Contemporary,Declarative,"","Commitment & Dedication, Missions, Evangelism, The Nations",Default Arrangement,,0,"","G, A",,,,
12603229,T017 - The Rock Won't Move,7005719,"","","August 07, 2016",Contemporary,Declarative,"",Hope,Default Arrangement,,0,"","E, A, G",,,,
12618884,T018 - The Solid Rock,3473423,"","",,Traditional,Declarative,Offering,"Hope, Jesus' Life, Death, & Resurrection",Default Arrangement,,0,"","E, D",,,,
12621979,T019 - The Stand,4705248,"","","July 30, 2017",Contemporary,Declarative,"",Surrender,T019 - The Stand,75,0,"","A, G",,,,
12621984,T020 - The Steadfast Love,21590,"","",,Contemporary,Adoration,"",God's Faithfulness,Default Arrangement,,0,"",E,,,,
12621989,T021 - The Time Has Come,4705145,"","","September 01, 2017",Contemporary,Declarative,Call to Worship,Commitment & Dedication,T021 - The Time Has Come,152,0,"","A, G, D",,,,
12621995,T022 - The Wonderful Cross,3148435,"","","August 13, 2017",Contemporary,Reflection & Prayer,Communion,"Jesus' Life, Death, & Resurrection, Repentance",T022 - The Wonderful Cross,146,0,"","D, C, E",,,,
12621998,T023 - There Is None Like You,674545,"","",,Contemporary,Reflection & Prayer,"",Thankfulness & Adoration,Default Arrangement,,0,"","Ab, G",,,,
12599462,T024 - This I Believe (The Creed),7018338,"","","April 15, 2017",Contemporary,Declarative,"","Church & Unity, Jesus' Life, Death, & Resurrection",T024 - This I Believe (The Creed),142,0,"","C, A, G",,,,
12599430,T025 - This Is Amazing Grace,6333821,"","","April 15, 2017",Contemporary,Celebratory,"","Jesus' Life, Death, & Resurrection, Thankfulness & Adoration",Default Arrangement,,0,"",A,,,,
12603148,T026 - This Is How We Know,5557079,"","","March 24, 2017",Contemporary,Declarative,"","Church & Unity, Thankfulness & Adoration",T026－This Is How We Know,72.5,0,"","A, B",,,,
12603235,T027 - This Is My Father's World,4192260,"","","September 18, 2016",Traditional,Declarative,Offering,"God's Kingdom & Reign, Hope",T027 - This Is My Father's World,95,0,"",C-D,,,,
12603326,T028 - This Is Our God,3330810,"","",,Contemporary,Desperation & Dependence,"","God's Love & as Father, Hope",Default Arrangement,,0,"",E-E,,,,
12603402,T029 - 'Til I See You,4455189,"","","August 28, 2017",Contemporary,Desperation & Dependence,"","Commitment & Dedication, Thankfulness & Adoration",Default Arrangement,,0,"",E-E,,,,
12603415,T030 - Tis So Sweet To Trust In Jesus,5749760,"","","September 03, 2017",Traditional,Declarative,Offering,"Thankfulness & Adoration, Trust",T030 - Tis So Sweet To Trust In Jesus,80,0,"",G,,,,
12603430,T031 - To Be Like You,6514097,"","","August 13, 2017",Contemporary,Desperation & Dependence,"",Commitment & Dedication,Default Arrangement,,0,"",A-A,,,,
12603469,T032 - To The Ends Of The Earth,3744578,"","","March 24, 2017",Contemporary,Declarative,"","Commitment & Dedication, Missions, Evangelism, The Nations",Default Arrangement,,0,"",D-D,,,,
12627522,"T033 - Trading My Sorrows (Yes, Lord)",2574653,"","",,Gospel,Celebratory,"",Hope,Default Arrangement,,0,"","G-G, G",,,,
12627582,T034 - Trust And Obey,22094,"","","July 23, 2017",Traditional,Declarative,Offering,Commitment & Dedication,T034 - Trust And Obey,168,0,"","Bb, A, E",,,,
12866902,T035 - This We Know,7060709,"","","July 16, 2017",Contemporary,Declarative,"",Hope,T035 - This We Know,148,0,"","B, A: Chris' Key, G, E, F",,,,
14279260,T036 - The Lion And The Lamb,7038281,"","","September 24, 2017",Contemporary,Declarative,"","God's Greatness, Power, Glory, Thankfulness & Adoration",Default Arrangement,,0,"",B,,,,
13984070,There Is A Cloud,7067563,"","",,"","","","",Default Arrangement,,0,"","",,,,
12628269,U001 - Unashamed,4722283,"","","June 03, 2017",Contemporary,Desperation & Dependence,"","God's Love & as Father, Thankfulness & Adoration",Default Arrangement,,0,"",E,,,,
12628289,U002 - Unchanging,4016669,"","","June 29, 2017",Contemporary,Adoration,Call to Worship,"God's Faithfulness, God's Greatness, Power, Glory",Default Arrangement,106,0,"","G, F",,,,
12632248,U003 - Undivided Heart,755103,"","",,Contemporary,Reflection & Prayer,"","Commitment & Dedication, Holiness & Purity",Default Arrangement,,0,"",G,,,,
13982640,U004 - Unstoppable God,7011436,"","","September 01, 2017",Contemporary,Adoration,Call to Worship,"God's Greatness, Power, Glory, God's Kingdom & Reign",U004 - Unstoppable God,132,0,"","B-B, A",,,,
12632274,V001 - Victor's Crown,6454621,"","","July 16, 2017",Contemporary,Declarative,"","Hope, Jesus' Life, Death, & Resurrection",Default Arrangement,,0,"",C,,,,
12632315,W001 - Waiting Here For You,5925663,"","","March 24, 2017",Contemporary,Desperation & Dependence,"",God's Presence & Intimacy,W001 - Waiting Here For You,132,0,"","G, F: Chris' Key, C: Miesha's Key",,,,
12632349,W002 - Wake,6605243,"","","March 19, 2017",Contemporary,Celebratory,"",Hope,Default Arrangement,131,0,"","G, F",,,,
12632375,W003 - We Are Hungry,3067224,"","","December 15, 2016",Contemporary,Desperation & Dependence,"","",Default Arrangement,88,0,"",G,,,,
12471401,W004 - We Are The Free,6016272,"","","June 03, 2017",Contemporary,Celebratory,"","Commitment & Dedication, Freedom",W004 - We Are The Free,145,0,"",A,,,,
12632425,W005 - We Cry Out,5074978,"","",,Contemporary,Desperation & Dependence,"","Commitment & Dedication, God's Love & as Father",Default Arrangement,,0,"",G,,,,
12632599,W006 - We Exalt You,2117735,"","",,Contemporary,Adoration,Call to Worship,"Church & Unity, Thankfulness & Adoration",Default Arrangement,,0,"",G,,,,
12632672,W007 - We Fall Down,2437367,"","","August 17, 2017",Contemporary,Reflection & Prayer,"","Commitment & Dedication, Surrender",Default Arrangement,136,0,"","D, C, C#, E",,,,
12632752,W008 - We Speak To Nations,3552155,"","",,Contemporary,Declarative,"","Church & Unity, Missions, Evangelism, The Nations",Default Arrangement,,0,"",F,,,,
12632814,W009 - We The Redeemed,5409055,"","","December 18, 2016",Contemporary,Declarative,"","Church & Unity, Thankfulness & Adoration",W009 - We The Redeemed,73.8,0,"","E, C#, Bb: Miesha's Key",,,,
12632867,W010 - We Will Worship The Lamb Of Glory,208409,"","",,Contemporary,Adoration,Call to Worship,Thankfulness & Adoration,Default Arrangement,,0,"",E,,,,
12632880,W011 - What A Fellowship,4676243,"","","April 09, 2017",Traditional,Desperation & Dependence,Offering,"",Default Arrangement,,0,"",E,,,,
12632896,W012 - When I Think About The Lord,2834496,"","","October 06, 2016",Contemporary,Adoration,Call to Worship,Thankfulness & Adoration,W012 - When I Think About The Lord,107,0,"",G,,,,
12632936,W013 - When The Fight Calls,7053179,"","","March 24, 2017",Contemporary,Declarative,"",Hope,W013 - When The Fight Calls,82,0,"","C, A, G",,,,
12632956,W014 - Where We Belong,5065932,"","","August 28, 2017",Contemporary,Desperation & Dependence,"","Commitment & Dedication, Thankfulness & Adoration",Default Arrangement,,0,"",A,,,,
12632971,W015 - Who May Ascend,3069741,"","","January 14, 2017",Contemporary,Declarative,"","Commitment & Dedication, Surrender",W015 - Who May Ascend,93,0,"",A,,,,
12632982,W016 - Who You Are,6223869,"","","August 26, 2017",Contemporary,Adoration,Call to Worship,"God's Faithfulness, Hope",W016 - Who You Are,152,0,"","G, F, D",,,,
12633002,W017 - Wholly Yours,4613770,"","","January 15, 2017",Contemporary,Declarative,"","Jesus' Life, Death, & Resurrection, Thankfulness & Adoration",W017 - Wholly Yours,153,0,"",A,,,,
12633087,W018 - Wide As The Sky,7000697,"","","August 20, 2017",Contemporary,Adoration,Call to Worship,Thankfulness & Adoration,W018 - Wide As The Sky,132,0,"",A,,,,
12628398,W019 - With All I Am,4257734,"","","September 10, 2017",Contemporary,Reflection & Prayer,"","Commitment & Dedication, God's Faithfulness",W019 - With All I Am,137,0,"",D,,,,
12628350,W020 - With Everything,5060779,"","","September 10, 2017",Contemporary,Desperation & Dependence,"","Church & Unity, Commitment & Dedication",W020 - With Everything,138,0,"",A,,,,
12628327,W021 - Wonderful Merciful Savior,106879,"","","January 22, 2017",Traditional,Declarative,"","Hope, Thankfulness & Adoration",Default Arrangement,,0,"",C,,,,
13320614,W022 - What A Beautiful Name,7068424,"","","September 01, 2017",Contemporary,Declarative,"","Jesus' Life, Death, & Resurrection, Thankfulness & Adoration",W022 - What A Beautiful Name,136,0,"","D, G, C, Eb",,,,
12613329,X001 - Angels We Have Heard On High,,"","","December 25, 2016","",Celebratory,"",Christmas,X001 - Angels We Have Heard On High,128,0,"",G,,,,
12608919,X002 - My Soul Magnifies The Lord,5601671,"","",,"",Celebratory,"",Christmas,Default Arrangement,,0,"",G,,,,
12618873,X003 - Joy To The World,2648369,"","",,"",Celebratory,"",Christmas,Default Arrangement,,0,"",C,,,,
12618552,X004 - Joy To The World (Unspeakable Joy),5891089,"","","December 25, 2016","",Celebratory,"",Christmas,X004 - Joy To The World (Unspeakable Joy),132.1,0,"","C, A, G",,,,
12608967,X005 - O Come All Ye Faithful,31054,"","","December 25, 2016","",Celebratory,"",Christmas,X005 - O Come All Ye Faithful,87,0,"","G, A: Chris' Key",,,,
12613367,X006 - O Come O Come Emmanuel,,"","","December 11, 2016","",Declarative,"",Christmas,X006 - O Come O Come Emmanuel,142.5,0,"","G, D",,,,
12613431,X007 - O Holy Night,,"","","December 25, 2016","",Reflection & Prayer,"",Christmas,X007 - O Holy Night,156.6,0,"","A, Ab, G",,,,
12609004,X008 - Silent Night,,"","","December 04, 2016","",Reflection & Prayer,"",Christmas,X008 - Silent Night,84.3,0,"",A,,,,
13116935,X009 - Noel,7050419,"","","December 18, 2016","",Reflection & Prayer,"",Christmas,X009 - Noel,137.5,0,"","Db, C#",,,,
13146495,X010 - Hark The Herald Angels Sing,7030528,"","","December 11, 2016","",Declarative,"",Christmas,X009 - Hark The Herald Angels Sing,81.5,0,"","D, C",,,,
13191635,X011 - O Little Town of Bethlehem,,"","","December 18, 2016","",Reflection & Prayer,"",Christmas,X011 - O Little Town of Bethlehem,116,0,"",D,,,,
12628316,Y001 - You,5636914,"","","May 28, 2017",Contemporary,Celebratory,"","Commitment & Dedication, Surrender",Y001 - You,143,0,"","A, B",,,,
12598835,Y002 - You Alone Are God,4599715,"","",,Contemporary,Declarative,"",Thankfulness & Adoration,Default Arrangement,,0,"","C, B",,,,
12598652,Y003 - You Alone Can Rescue,5376377,"","","May 06, 2017",Contemporary,Declarative,"","Freedom, Thankfulness & Adoration",Default Arrangement,152,0,"","B, C, Bb, A",,,,
12598841,Y004 - You Are God Alone (Not A God),4243463,"","",,Contemporary,Declarative,"",Thankfulness & Adoration,Default Arrangement,,0,"","C, B",,,,
12607065,Y005 - You Are Here (The Same Power),5065925,"","","May 06, 2017",Contemporary,Declarative,"","God's Presence & Intimacy, Hope",Default Arrangement,151,0,"","B, C, Bb, A",,,,
12635519,Y006 - You Are Holy (Prince Of Peace),2332149,"","","September 01, 2017",Contemporary,Adoration,Call to Worship,"Commitment & Dedication, Thankfulness & Adoration",Y006 - You Are Holy (Prince Of Peace),142,0,"",E,,,,
12613472,Y007 - You Are My All In All,825356,"","","August 30, 2017",Contemporary,Reflection & Prayer,"",Thankfulness & Adoration,Y007 - You Are My All In All,128,0,"","G, C: Miesha",,,,
12598848,Y008 - You Are My King (Amazing Love),2456623,"","","June 03, 2017",Contemporary,Declarative,"","Jesus' Life, Death, & Resurrection",Default Arrangement,,0,"",D,,,,
12599184,Y009 - You Are My Strength,4869940,"","","August 28, 2017",Contemporary,Reflection & Prayer,"",Hope,Default Arrangement,154,0,"","G, F, D, E",,,,
12608727,Y010 - You're Worthy Of My Praise,487976,"","","May 07, 2017",Contemporary,Adoration,Call to Worship,Commitment & Dedication,Y010 - You're Worthy Of My Praise,96.5,0,"",G,,,,
12599653,Y011 - You Breathe,1969317,"","",,Contemporary,Reflection & Prayer,"",God's Presence & Intimacy,Default Arrangement,,0,"",E-G,,,,
12608778,Y012 - You Deserve,5029978,"","","September 02, 2017",Contemporary,Celebratory,"","Commitment & Dedication, Thankfulness & Adoration",Y012 - You Deserve,150,0,"","G, F, E",,,,
12613300,Y013 - You Never Fail,6513335,"","","May 28, 2017",Contemporary,Declarative,"","God's Faithfulness, Hope",Y013 - You Never Fail,146,0,"","G, A",,,,
12613232,Y014 - You Never Let Go,4674166,"","",,Contemporary,Declarative,"","God's Faithfulness, Hope",Default Arrangement,,0,"",A,,,,
12608890,Y015 - You Rescued Me,1406011,"","",,Contemporary,Reflection & Prayer,"",God's Love & as Father,Default Arrangement,,0,"",E,,,,
12608848,Y016 - You Said,2582810,"","","July 20, 2017",Contemporary,Declarative,"","Missions, Evangelism, The Nations",Default Arrangement,,0,"","A, E",,,,
12608807,Y017 - You'll Come,5012583,"","",,Contemporary,Desperation & Dependence,"","Freedom, Hope",Default Arrangement,,0,"",E,,,,
12598825,Y018 - Your Beloved,1963849,"","",,Contemporary,Reflection & Prayer,"",God's Love & as Father,Default Arrangement,,0,"",G,,,,
12598631,Y019 - Your Grace Is Enough,4477026,"","","August 05, 2016",Contemporary,Celebratory,"",God's Faithfulness,Default Arrangement,,0,"",G,,,,
12618527,Y020 - Your Love Never Fails,5337172,"","","May 21, 2017",Contemporary,Declarative,"",God's Love & as Father,Y020 - Your Love Never Fails,120,0,"","A, C",,,,
12599266,Y021 - Your Name,4611679,"","","April 16, 2017",Contemporary,Declarative,Call to Worship,"God's Greatness, Power, Glory, Thankfulness & Adoration",Default Arrangement,,0,"","G, A",,,,
12618509,Y022 - Your Presence Is Heaven To Me,6214751,"","","March 24, 2017",Contemporary,Desperation & Dependence,"",God's Presence & Intimacy,Y022 - Your Presence Is Heaven To Me,136,0,"","A, G",,,,
12677763,Y023 - Yes And Amen,7048885,"","","July 23, 2017",Contemporary,Declarative,"",God's Faithfulness,Y023 - Yes And Amen,144,0,"","D, C, B",,,,
13742368,Y024 - Your Love Awakens Me,7054720,"","","August 28, 2017",Contemporary,Adoration,"","Freedom, Our Testimony & Redemption",Default Arrangement,101,0,"","B, A, G, E",,,,
13931279,Y025 - You Make Me Brave,7003306,"","","September 10, 2017",Contemporary,Desperation & Dependence,"","Surrender, Trust",Default Arrangement,138,0,"","Eb, D: Michelle's Key, C",,,,
12471412,"Z001 - 10,000 Reasons (Bless The Lord)",6016351,"","","January 22, 2017",Contemporary,Adoration,Call to Worship,Thankfulness & Adoration,Default Arrangement,73,0,"","E, G, F",,,,
